Run,Episode#,Location#,Replicate,SeqRunID,DDM Sample ID,MID S,Tumour,Source,External ID,Purity(%),Input (ng),Panel (M),200x coverage,Myriad_GI_score,Detected Gene,Detected Variant,Detected VAF (%),Deep,Known gene,Known variant,Known VAF
1,12748999,DNA122922,A,220121_NB501056_0748_AH2CV5BGXK,200058309-95-S1,1,Ovarian,AZ,AVD-54VRP-0206,10,50,1.1,31%,3,.,.,.,,.,.,.
1,12749097,DNA122934,A,220121_NB501056_0748_AH2CV5BGXK,200058320-107-S2,2,Ovarian,AZ,AVD-54VRP-0201,20,50,1.4,49%,51,.,.,.,,.,.,.
1,12749205,DNA122936,A,220121_NB501056_0748_AH2CV5BGXK,200058326-106-S3,3,Ovarian,AZ,AVD-54VRP-0173,30,50,1.7,73%,20,.,.,.,,.,.,.
1,12749267,DNA122937,A,220121_NB501056_0748_AH2CV5BGXK,200058327-104-S4,4,Ovarian,AZ,AVD-54VRP-0188,20,50,3.5,100%,17,.,.,.,,.,.,.
1,12749303,DNA122938,A,220121_NB501056_0748_AH2CV5BGXK,200058328-110-S5,5,Ovarian,AZ,AVD-54VRP-0204,10,50,3.9,100%,12,.,.,.,,.,.,.
1,12749335,DNA122939,A,220121_NB501056_0748_AH2CV5BGXK,200058329-109-S6,6,Ovarian,AZ,AVD-54VRP-0148,20,50,3.3,99%,29,.,.,.,,.,.,.
1,12749366,DNA122940,A,220121_NB501056_0748_AH2CV5BGXK,200058330-91-S7,7,Ovarian,AZ,AVD-54VRP-0127,60,50,3.6,100%,29,.,.,.,,.,.,.
1,12749400,DNA122942,A,220121_NB501056_0748_AH2CV5BGXK,200058331-100-S8,8,Ovarian,AZ,AVD-54VRP-0088,60,50,4.4,100%,15,.,.,.,,.,.,.
1,12750955,DNA122964,A,220121_NB501056_0748_AH2CV5BGXK,200058332-101-S9,9,Ovarian,AZ,AVD-54VRP-0013,70,50,0.5,11%,21,.,.,.,,.,.,.
1,12750978,DNA122969,A,220121_NB501056_0748_AH2CV5BGXK,200058311-105-S11,11,Ovarian,AZ,AVD-54VRP-0073,50,50,0.8,31%,25,.,.,.,,.,.,.
1,12750995,DNA122970,A,220121_NB501056_0748_AH2CV5BGXK,200058312-94-S12,12,Ovarian,AZ,AVD-54VRP-0030,50,50,0.9,27%,62,BRCA2,p.Leu3055Phefs*7,42.6,Yes,BRCA2,p.Leu3055Phefs*7,.
1,12751023,DNA122973,A,220121_NB501056_0748_AH2CV5BGXK,200058314-90-S14,14,Ovarian,AZ,AVD-54VRP-0119,90,50,1.2,66%,28,.,.,.,,.,.,.
1,12751036,DNA122974,A,220121_NB501056_0748_AH2CV5BGXK,200058315-102-S15,15,Ovarian,AZ,AVD-54VRP-0057,60,50,1.2,63%,63,.,.,.,,.,.,.
1,12751061,DNA122976,A,220121_NB501056_0748_AH2CV5BGXK,200058316-98-S16,16,Ovarian,AZ,AVD-54VRP-0246,40,50,1.1,34%,15,.,.,.,,.,.,.
1,12751092,DNA122980,A,220121_NB501056_0748_AH2CV5BGXK,200058317-87-S17,17,Ovarian,AZ,AVD-54VRP-0208,70,50,0.2,0%,77,.,.,.,,.,.,.
1,12751113,DNA122983,A,220121_NB501056_0748_AH2CV5BGXK,200058318-93-S18,18,Ovarian,AZ,AVD-54VRP-0356,20,50,0.2,0%,20,.,.,.,,.,.,.
1,12751136,DNA122985,A,220121_NB501056_0748_AH2CV5BGXK,200058319-103-S19,19,Ovarian,AZ,AVD-54VRP-0535,70,50,0.2,0%,66,.,.,.,,.,.,.
1,12751152,DNA122987,A,220121_NB501056_0748_AH2CV5BGXK,200058321-99-S20,20,Ovarian,AZ,AVD-54VRP-0349,90,50,0.2,0%,16,.,.,.,,.,.,.
1,12751174,DNA122988,A,220121_NB501056_0748_AH2CV5BGXK,200058322-97-S21,21,Ovarian,AZ,AVD-54VRP-0477,40,50,0.2,0%,52,.,.,.,,BRCA1,p.Arg1443*,.
1,12751175,DNA122989,A,220121_NB501056_0748_AH2CV5BGXK,200058323-108-S22,22,Ovarian,AZ,AVD-54VRP-0337,70,50,0.2,0%,43,.,.,.,,.,.,.
1,12751205,DNA122990,A,220121_NB501056_0748_AH2CV5BGXK,200058324-89-S23,23,Ovarian,AZ,AVD-54VRP-0489,25,50,0,0%,13,.,.,.,,.,.,.
1,12751219,DNA122991,A,220121_NB501056_0748_AH2CV5BGXK,200058325-88-S24,24,Ovarian,AZ,AVD-54VRP-0467,30,50,0.2,0%,19,.,.,.,,.,.,.
2,12751231,DNA122992,A,220125_NB501056_0750_AHNV23BGXH,200058376-124-S1,1,Ovarian,AZ,AVD-54VRP-0490,70,50,6.2,100%,79,BRCA2,p.Tyr1894*,88.6,Yes,BRCA2,p.Tyr1894*,.
2,12751251,DNA122993,A,220125_NB501056_0750_AHNV23BGXH,200058387-123-S2,2,Ovarian,AZ,AVD-54VRP-0450,40,50,5,100%,28,.,.,.,,.,.,.
2,12751270,DNA122994,A,220125_NB501056_0750_AHNV23BGXH,200058393-121-S3,3,Ovarian,AZ,AVD-54VRP-0504,30,50,6.2,100%,20,.,.,.,,.,.,.
2,12751283,DNA122995,A,220125_NB501056_0750_AHNV23BGXH,200058394-119-S4,4,Ovarian,AZ,AVD-54VRP-0384,60,50,6.4,100%,48,.,.,.,,.,.,.
2,12751287,DNA122996,A,220125_NB501056_0750_AHNV23BGXH,200058395-134-S5,5,Ovarian,AZ,AVD-54VRP-0518,70,50,5.3,98%,33,.,.,.,,.,.,.
2,12751308,DNA122997,A,220125_NB501056_0750_AHNV23BGXH,200058396-130-S6,6,Ovarian,AZ,AVD-54VRP-0371,60,50,4.4,84%,35,.,.,.,,.,.,.
2,12751314,DNA122998,A,220125_NB501056_0750_AHNV23BGXH,200058397-128-S7,7,Ovarian,AZ,AVD-54VRP-0521,40,50,5.1,81%,39,.,.,.,,.,.,.
2,12751329,DNA122999,A,220125_NB501056_0750_AHNV23BGXH,200058398-127-S8,8,Ovarian,AZ,AVD-54VRP-0354,30,50,5.8,99%,29,.,.,.,,.,.,.
2,12751339,DNA123001,A,220125_NB501056_0750_AHNV23BGXH,200058399-113-S9,9,Ovarian,AZ,AVD-54VRP-0538,60,50,7,100%,38,.,.,.,,.,.,.
2,12751356,DNA123003,A,220125_NB501056_0750_AHNV23BGXH,200058377-125-S10,10,Ovarian,AZ,AVD-54VRP-0563,30,50,5.5,100%,52,.,.,.,,.,.,.
2,12751373,DNA123006,A,220125_NB501056_0750_AHNV23BGXH,200058378-131-S11,11,Ovarian,AZ,AVD-54VRP-0561,70,50,7.5,100%,20,.,.,.,,.,.,.
2,12751412,DNA123009,A,220125_NB501056_0750_AHNV23BGXH,200058379-122-S12,12,Ovarian,AZ,AVD-54VRP-0557,60,50,6.5,100%,27,.,.,.,,.,.,.
2,12751546,DNA123013,A,220125_NB501056_0750_AHNV23BGXH,200058380-114-S13,13,Ovarian,AZ,AVD-54VRP-2367,70,50,4.1,99%,57,BRCA1,p.Asp825Glufs*21,78.1,Yes,BRCA1,p.Asp825Glufs*21,.
2,12751581,DNA123016,A,220125_NB501056_0750_AHNV23BGXH,200058381-129-S14,14,Ovarian,AZ,AVD-54VRP-0553,60,50,4.8,100%,35,.,.,.,,.,.,.
2,12751584,DNA123017,A,220125_NB501056_0750_AHNV23BGXH,200058382-132-S15,15,Ovarian,AZ,AVD-54VRP-2373,20,50,4.3,99%,54,BRCA2,p.Arg2892Thrfs*14,55.5,Yes,BRCA2,p.Arg2892Thrfs*14,.
2,12751614,DNA123018,A,220125_NB501056_0750_AHNV23BGXH,200058383-118-S16,16,Ovarian,AZ,AVD-54VRP-1098,70,50,5.5,100%,66,.,.,.,,.,.,.
2,12751628,DNA123019,A,220125_NB501056_0750_AHNV23BGXH,200058384-120-S17,17,Ovarian,AZ,AVD-54VRP-2374,40,50,5,99%,85,.,.,.,,.,.,.
2,12751690,DNA123021,A,220125_NB501056_0750_AHNV23BGXH,200058385-111-S18,18,Ovarian,AZ,AVD-54VRP-2342,50,50,5.3,99%,62,BRCA2,p.Cys3233Trpfs*15,78.5,Yes,BRCA2,p.Cys3233Trpfs*15,.
2,12751802,DNA123039,A,220125_NB501056_0750_AHNV23BGXH,200058386-133-S19,19,Ovarian,AZ,AVD-54VRP-2271,70,50,4.1,95%,#N/A,BRCA2,p.Thr3085Glnfs*19,29,No,BRCA2,p.Thr3085Glnfs*19,.
2,12751851,DNA123040,A,220125_NB501056_0750_AHNV23BGXH,200058388-115-S20,20,Ovarian,AZ,AVD-54VRP-2388,50,50,5.3,99%,#N/A,BRCA2,p.Leu2357Valfs*2,47.9,Yes,BRCA2,p.Leu2357Valfs*2,.
2,12751859,DNA123041,A,220125_NB501056_0750_AHNV23BGXH,200058389-116-S21,21,Ovarian,AZ,AVD-54VRP-0688,60,50,4.9,99%,36,.,.,.,,.,.,.
2,12751896,DNA123042,A,220125_NB501056_0750_AHNV23BGXH,200058390-117-S22,22,Ovarian,AZ,AVD-54VRP-1179,70,50,6.2,100%,57,.,.,.,,.,.,.
2,12751927,DNA123045,A,220125_NB501056_0750_AHNV23BGXH,200058391-112-S23,23,Ovarian,AZ,AVD-54VRP-0651,40,50,6.1,100%,#N/A,.,.,.,,.,.,.
2,12751953,DNA123047,A,220125_NB501056_0750_AHNV23BGXH,200058392-126-S24,24,Ovarian,AZ,AVD-54VRP-0711,30,50,6.1,100%,17,.,.,.,,.,.,.
3,12752084,DNA123058,A,220424_NS500817_1091_AH5FMNBGXJ,200062083-217-S1,1,Ovarian,AZ,AVD-54VRP-0584,70,100,4.9,98%,55,BRCA1,p.Glu23Valfs*17,77.2,Yes,BRCA1,p.Glu23Valfs*17,.
3,12752000,DNA123050,A,220424_NS500817_1091_AH5FMNBGXJ,200062094-214-S2,2,Ovarian,AZ,AVD-54VRP-2215,80,100,4.2,95%,62,BRCA1,p.Val409*,22.1,No,BRCA1,p.Val409*,.
3,12751656,DNA123020,A,220424_NS500817_1091_AH5FMNBGXJ,200062100-203-S3,3,Ovarian,AZ,AVD-54VRP-2397,50,100,2.5,54%,65,BRCA1,c.4484+1G>T,37.8,Yes,BRCA1,c.4484+1G>T,.
3,12752026,DNA123052,A,220424_NS500817_1091_AH5FMNBGXJ,200062101-208-S4,4,Ovarian,AZ,AVD-54VRP-2411,25,100,1.7,21%,56,BRCA2,p.Tyr3006Asp,56.4,Yes,BRCA2,p.Tyr3006Asp,.
3,12752046,DNA123055,A,220424_NS500817_1091_AH5FMNBGXJ,200062102-212-S5,5,Ovarian,AZ,AVD-54VRP-2359,50,100,2.4,79%,70,BRCA2,p.Arg2602Thr,24.4,No,BRCA2,p.Arg2602Thr,.
3,12751955,DNA123048,A,220424_NS500817_1091_AH5FMNBGXJ,200062103-206-S6,6,Ovarian,AZ,AVD-54VRP-2231,70,100,1.7,11%,73,BRCA2,p.Ala2730Pro,87,Yes,BRCA2,p.Ala2730Pro,.
3,12751893,DNA123043,A,220424_NS500817_1091_AH5FMNBGXJ,200062104-207-S7,7,Ovarian,AZ,AVD-54VRP-2386,60,100,3.8,82%,73,BRCA2,p.Thr1209Glnfs*19,54.6,Yes,BRCA2,p.Thr1209Glnfs*19,
3,12751584,DNA123017,B,220424_NS500817_1091_AH5FMNBGXJ,200062105-213-S8,8,Ovarian,AZ,AVD-54VRP-2373,20,100,2.4,70%,54,BRCA2,p.Arg2892Thrfs*14,51.1,Yes,BRCA2,p.Arg2892Thrfs*14,.
3,12751006,DNA122972,B,220424_NS500817_1091_AH5FMNBGXJ,200062106-205-S9,9,Ovarian,AZ,AVD-54VRP-0102,50,100,4.2,100%,44,BRCA1,p.Asn1355Lysfs*10,51.1,Yes,BRCA1,p.Asn1355Lysfs*10,.
3,12751729,DNA123037,A,220424_NS500817_1091_AH5FMNBGXJ,200062084-197-S10,10,Ovarian,AZ,AVD-54VRP-2264,40,100,2.4,90%,43,.,.,.,,.,.,.
3,12752040,DNA123054,A,220424_NS500817_1091_AH5FMNBGXJ,200062085-218-S11,11,Ovarian,AZ,AVD-54VRP-2396,70,100,2.5,83%,44,.,.,.,,.,.,.
3,12751560,DNA123015,A,220424_NS500817_1091_AH5FMNBGXJ,200062086-198-S12,12,Ovarian,AZ,AVD-54VRP-2398,50,100,1.6,25%,67,.,.,.,,.,.,.
3,11289918,DNA079003,A,220424_NS500817_1091_AH5FMNBGXJ,200062088-65-S14,14,Ovarian,MOST,,50,100,4.6,100%,#N/A,.,.,.,,.,.,.
3,8819324,DNA026490,A,220424_NS500817_1091_AH5FMNBGXJ,200062089-200-S15,15,Ovarian,ALLOCATE,,80,100,4.9,100%,#N/A,.,.,.,,.,.,.
3,9641193,DNA035306,A,220424_NS500817_1091_AH5FMNBGXJ,200062090-215-S16,16,Ovarian,ALLOCATE,,60,100,4,100%,#N/A,.,.,.,,.,.,.
3,12528831,DNA124227,A,220424_NS500817_1091_AH5FMNBGXJ,200062099-196-S24,24,Ovarian,WEHI,MMM1315478,30,100,2,90%,40,.,.,.,,.,.,.
4,12751987,DNA123049,A,220404_NS500817_1077_AH3HGYBGXM,200061521-146-S1,1,Ovarian,AZ,AVD-54VRP-0646,80,100,1.7,67%,14,.,.,.,,.,.,.
4,12750964,DNA122966,B,220404_NS500817_1077_AH3HGYBGXM,200061532-147-S2,2,Ovarian,AZ,AVD-54VRP-0068,40,100,1.5,54%,39,BRCA2,p.Asp1796Cysfs*10,59.6,Yes,BRCA2,p.Asp1796Cysfs*10,.
4,12751231,DNA122992,B,220404_NS500817_1077_AH3HGYBGXM,200061539-152-S4,4,Ovarian,AZ,AVD-54VRP-0490,70,100,2.3,87%,79,BRCA2,p.Tyr1894*,85.8,Yes,BRCA2,p.Tyr1894*,.
4,11612000,DNA089522,A,220404_NS500817_1077_AH3HGYBGXM,200061523-68-S11,11,Ovarian,WEHI,134011-1892,100,100,1.3,70%,#N/A,.,.,.,,.,.,.
4,11612008,DNA089523,A,220404_NS500817_1077_AH3HGYBGXM,200061524-155-S12,12,Ovarian,WEHI,134013-1415,100,100,1.4,69%,#N/A,BRCA2,p.Gly1840Alafs*5,100,Yes,BRCA2,p.Gly1840Alafs,.
4,11612017,DNA089524,A,220404_NS500817_1077_AH3HGYBGXM,200061525-140-S13,13,Ovarian,WEHI,134013-3477,100,100,1,44%,#N/A,BRCA2,p.Gly1840Alafs*5,100,Yes,BRCA2,p.Gly1840Alafs,.
4,11872962,DNA099032,A,220404_NS500817_1077_AH3HGYBGXM,200061526-154-S14,14,Ovarian,Clinical,.,80,100,1.4,86%,#N/A,BRCA2,p.Arg858Serfs*22,74.1,Yes,BRCA2,p.Arg858Serfs*22,75.9
5,12751628,DNA123019,C,220408_NB501056_0786_AH3J5CBGXM,200061545-142-S1,1,Ovarian,AZ,AVD-54VRP-2374,40,100,4.7,100%,85,.,.,.,,.,.,.
5,12751339,DNA123001,C,220408_NB501056_0786_AH3J5CBGXM,200061562-144-S3,3,Ovarian,AZ,AVD-54VRP-0538,60,100,6.4,100%,38,.,.,.,,.,.,.
5,12751859,DNA123041,C,220408_NB501056_0786_AH3J5CBGXM,200061563-143-S4,4,Ovarian,AZ,AVD-54VRP-0688,60,100,4.8,99%,36,.,.,.,,.,.,.
5,11612027,DNA089525,A,220408_NB501056_0786_AH3J5CBGXM,200061564-158-S5,5,Ovarian,WEHI,134019-2147,100,100,7,100%,#N/A,BRCA2,c.2323del,100,Yes,BRCA2,c.2323delT,.
5,11612037,DNA089526,A,220408_NB501056_0786_AH3J5CBGXM,200061565-160-S6,6,Ovarian,WEHI,134019-2147,100,100,7.2,100%,#N/A,BRCA2,c.2323del,99.9,Yes,BRCA2,c.2323delT,.
5,11612044,DNA089527,A,220408_NB501056_0786_AH3J5CBGXM,200061566-157-S7,7,Ovarian,WEHI,134029-1503,100,100,9,100%,#N/A,.,.,.,,.,.,.
5,12528949,DNA118886,A,220408_NB501056_0786_AH3J5CBGXM,200061567-171-S8,8,Ovarian,WEHI,MMM1317666,30,100,2.6,49%,56,BRCA1,c.547+2T>A,71.8,Yes,BRCA1,c.547+2T>A,.
5,12600519,DNA120469,A,220408_NB501056_0786_AH3J5CBGXM,200061568-172-S9,9,Ovarian,WEHI,MMM1335039,50,100,5,100%,46,BRCA1,p.Arg1203*,66.1,Yes,BRCA1,p.Arg1203*,.
5,12600589,DNA121481,A,220408_NB501056_0786_AH3J5CBGXM,200061546-166-S10,10,Ovarian,WEHI,MMM1342727,60,100,6.4,100%,44,BRCA2,c.7618-2_7634del,9,No,BRCA2,c.7618-2_7634del ,.
5,12600616,DNA120458,A,220408_NB501056_0786_AH3J5CBGXM,200061547-170-S11,11,Ovarian,WEHI,MMM1331590,70,100,5.7,97%,61,.,.,.,,.,.,.
5,12752063,DNA123056,A,220408_NB501056_0786_AH3J5CBGXM,200061555-168-S19,19,Ovarian,AZ,AVD-54VRP-0656,40,100,6.2,98%,2,.,.,.,,.,.,.
5,12752023,DNA123051,A,220408_NB501056_0786_AH3J5CBGXM,200061557-167-S20,20,Ovarian,AZ,AVD-54VRP-0936,70,100,8.2,100%,4,.,.,.,,.,.,.
5,12751358,DNA123004,A,220408_NB501056_0786_AH3J5CBGXM,200061558-161-S21,21,Ovarian,AZ,AVD-54VRP-0570,70,100,2.7,17%,20,.,.,.,,.,.,.
5,12751329,DNA122999,B,220408_NB501056_0786_AH3J5CBGXM,200061559-159-S22,22,Ovarian,AZ,AVD-54VRP-0354,30,100,6.6,99%,29,.,.,.,,.,.,.
5,12751851,DNA123040,B,220408_NB501056_0786_AH3J5CBGXM,200061560-165-S23,23,Ovarian,AZ,AVD-54VRP-2388,50,100,3.5,91%,#N/A,BRCA2,p.Leu2357Valfs*2,26.7,No,BRCA2,p.Leu2357Valfs*2,.
5,12751113,DNA122983,B,220408_NB501056_0786_AH3J5CBGXM,200061561-164-S24,24,Ovarian,AZ,AVD-54VRP-0356,20,100,4,84%,20,.,.,.,,.,.,.
6,12751205,DNA122990,B,220413_NB501544_0566_AH3H2HBGXM,200062059-186-S1,1,Ovarian,AZ,AVD-54VRP-0489,25,100,5.4,100%,13,.,.,.,,.,.,.
6,12749303,DNA122938,B,220413_NB501544_0566_AH3H2HBGXM,200062070-193-S2,2,Ovarian,AZ,AVD-54VRP-0204,10,100,6.8,100%,12,.,.,.,,.,.,.
6,12748999,DNA122922,B,220413_NB501544_0566_AH3H2HBGXM,200062076-194-S3,3,Ovarian,AZ,AVD-54VRP-0206,10,100,6.7,100%,3,.,.,.,,.,.,.
6,12751802,DNA123039,B,220413_NB501544_0566_AH3H2HBGXM,200062077-184-S4,4,Ovarian,AZ,AVD-54VRP-2271,70,100,3,100%,#N/A,BRCA2,p.Thr3085Glnfs*19,28.1,No,BRCA2,p.Thr3085Glnfs*19,.
6,12751791,DNA123038,A,220413_NB501544_0566_AH3H2HBGXM,200062078-190-S5,5,Ovarian,AZ,AVD-54VRP-2387,60,100,5.2,100%,80,BRCA1,p.Val1736Ala,87.4,Yes,BRCA1,p.Val1736Ala,.
6,11612048,DNA089528,A,220413_NB501544_0566_AH3H2HBGXM,200062079-185-S6,6,Ovarian,WEHI,134029-1503,.,100,6.1,100%,#N/A,.,.,.,,.,.,.
6,11612053,DNA089529,A,220413_NB501544_0566_AH3H2HBGXM,200062080-189-S7,7,Ovarian,WEHI,134034-NA,.,100,8.8,100%,#N/A,.,.,.,,.,.,.
6,11612060,DNA089530,A,220413_NB501544_0566_AH3H2HBGXM,200062081-188-S8,8,Ovarian,WEHI,134035-NA,.,100,11.3,100%,#N/A,.,.,.,,.,.,.
6,11612066,DNA089531,A,220413_NB501544_0566_AH3H2HBGXM,200062082-175-S9,9,Ovarian,WEHI,134035-NA,.,100,13.2,100%,#N/A,.,.,.,,.,.,.
6,12630585,DNA124200,A,220413_NB501544_0566_AH3H2HBGXM,200062061-181-S11,11,Ovarian,WEHI,MMM1383167,70,100,3.8,92%,2,.,.,.,,.,.,.
6,12630620,DNA121479,A,220413_NB501544_0566_AH3H2HBGXM,200062062-182-S12,12,Ovarian,WEHI,MMM1342162,70,100,9.4,100%,62,BRCA1,p.Gln1756Profs*74,84.1,Yes,BRCA1,p.Gln1756Profs*74,.
6,12600648,DNA120426,A,220413_NB501544_0566_AH3H2HBGXM,200062060-176-S10,10,Ovarian,WEHI,MMM1331962,.,100,8.1,100%,#N/A,.,.,.,,.,.,.
6,12649576,DNA122869,A,220413_NB501544_0566_AH3H2HBGXM,200062063-177-S13,13,Ovarian,WEHI,MMM1363020,70,100,6.6,100%,12,.,.,.,,.,.,.
6,12649499,DNA121535,A,220413_NB501544_0566_AH3H2HBGXM,200062064-178-S14,14,Ovarian,WEHI,MMM1341843,90,100,3.7,30%,66,.,.,.,,.,.,.
6,12649588,DNA122866,A,220413_NB501544_0566_AH3H2HBGXM,200062065-179-S15,15,Ovarian,WEHI,MMM1363071,60,100,5.1,94%,62,BRCA1,p.Val299Argfs*4,80.4,Yes,BRCA1,p.Val299Argfs*4,.
6,12649621,DNA122865,A,220413_NB501544_0566_AH3H2HBGXM,200062066-180-S16,16,Ovarian,WEHI,MMM1363073,60,100,4.7,97%,47,BRCA1,p.Gln1273*,73,Yes,BRCA1,p.Gln1273*,.
6,12667710,DNA122841,A,220413_NB501544_0566_AH3H2HBGXM,200062067-187-S17,17,Ovarian,WEHI,MMM1367211,30,100,9.1,100%,34,.,.,.,,.,.,.
6,12701718,DNA123118,A,220413_NB501544_0566_AH3H2HBGXM,200062068-183-S18,18,Ovarian,WEHI,MMM1365030,30,100,5.4,100%,35,.,.,.,,.,.,.
6,11872962,DNA099032,B,220413_NB501544_0566_AH3H2HBGXM,200062069-154-S19,19,Ovarian,Clinical,,80,100,8.3,100%,#N/A,BRCA2,p.Arg858Serfs*22,73.4,Yes,BRCA2,p.Arg858Serfs*22,75.9
6,8754188,DNA021621,A,220413_NB501544_0566_AH3H2HBGXM,200062074-191-S23,23,Ovarian,NOMINATOR,,20,100,6.7,100%,#N/A,.,.,.,,.,.,.
7,11612066,DNA089531,B,220424_NB501056_0793_AHNM3VAFX3,200062039-175-S1,1,Ovarian,WEHI,134035-NA,.,100,13.2,100%,#N/A,.,.,.,,.,.,.
7,12630585,DNA124200,B,220424_NB501056_0793_AHNM3VAFX3,200062041-181-S3,3,Ovarian,WEHI,MMM1383167,70,100,3.5,91%,2,.,.,.,,.,.,.
7,12630620,DNA121479,B,220424_NB501056_0793_AHNM3VAFX3,200062042-182-S4,4,Ovarian,WEHI,MMM1342162,70,100,8.5,100%,62,BRCA1,p.Gln1756Profs*74,84.7,Yes,BRCA1,p.Gln1756Profs*74,.
7,12649576,DNA122869,B,220424_NB501056_0793_AHNM3VAFX3,200062043-177-S5,5,Ovarian,WEHI,MMM1363020,70,100,6,100%,12,.,.,.,,.,.,.
7,12649499,DNA121535,B,220424_NB501056_0793_AHNM3VAFX3,200062044-178-S6,6,Ovarian,WEHI,MMM1341843,90,100,3.3,29%,66,.,.,.,,.,.,.
7,12649588,DNA122866,B,220424_NB501056_0793_AHNM3VAFX3,200062045-179-S7,7,Ovarian,WEHI,MMM1363071,60,100,4.7,94%,62,BRCA1,p.Val299Argfs*4,82.6,Yes,BRCA1,p.Val299Argfs*4,.
7,12649621,DNA122865,B,220424_NB501056_0793_AHNM3VAFX3,200062046-180-S8,8,Ovarian,WEHI,MMM1363073,60,100,4.4,97%,47,BRCA1,p.Gln1273*,72.4,Yes,BRCA1,p.Gln1273*,.
8,12750955,DNA122964,B,220518_NS500817_1110_AHTT27AFX3,200063432-222-S1,1,Ovarian,AZ,AVD-54VRP-0013,70,100,10.6,100%,21,.,.,.,,.,.,.
8,12751092,DNA122980,B,220518_NS500817_1110_AHTT27AFX3,200063433-224-S2,2,Ovarian,AZ,AVD-54VRP-0208,70,100,9.4,100%,77,.,.,.,,.,.,.
8,12751136,DNA122985,B,220518_NS500817_1110_AHTT27AFX3,200063434-225-S3,3,Ovarian,AZ,AVD-54VRP-0535,70,100,4.1,91%,66,.,.,.,,.,.,.
8,12751152,DNA122987,B,220518_NS500817_1110_AHTT27AFX3,200063435-220-S4,4,Ovarian,AZ,AVD-54VRP-0349,90,100,9,100%,16,.,.,.,,.,.,.
8,12751174,DNA122988,B,220518_NS500817_1110_AHTT27AFX3,200063436-221-S5,5,Ovarian,AZ,AVD-54VRP-0477,40,100,7.2,100%,52,BRCA1,p.Arg1443*,67.6,Yes,BRCA1,p.Arg1443*,.
8,12751175,DNA122989,B,220518_NS500817_1110_AHTT27AFX3,200063437-219-S6,6,Ovarian,AZ,AVD-54VRP-0337,70,100,7,100%,43,.,.,.,,.,.,.
8,12751219,DNA122991,B,220518_NS500817_1110_AHTT27AFX3,200063438-223-S7,7,Ovarian,AZ,AVD-54VRP-0467,30,100,11.2,100%,19,.,.,.,,.,.,.
9,12749097,DNA122934,B,220612_NS500817_1130_AHHMGCBGXM,200064215-235-S1,1,Ovarian,AZ,AVD-54VRP-0201,20,100,8.1,100%,51,.,.,.,,.,.,.
9,12749205,DNA122936,B,220612_NS500817_1130_AHHMGCBGXM,200064226-249-S2,2,Ovarian,AZ,AVD-54VRP-0173,30,100,6.3,100%,20,.,.,.,,.,.,.
9,12749267,DNA122937,B,220612_NS500817_1130_AHHMGCBGXM,200064232-247-S3,3,Ovarian,AZ,AVD-54VRP-0188,20,100,9.1,100%,17,.,.,.,,.,.,.
9,12749335,DNA122939,B,220612_NS500817_1130_AHHMGCBGXM,200064233-245-S4,4,Ovarian,AZ,AVD-54VRP-0148,20,100,5.3,100%,29,.,.,.,,.,.,.
9,12749366,DNA122940,B,220612_NS500817_1130_AHHMGCBGXM,200064234-248-S5,5,Ovarian,AZ,AVD-54VRP-0127,60,100,7.7,100%,29,.,.,.,,.,.,.
9,12749400,DNA122942,B,220612_NS500817_1130_AHHMGCBGXM,200064235-246-S6,6,Ovarian,AZ,AVD-54VRP-0088,60,100,7.6,100%,15,.,.,.,,.,.,.
9,12750978,DNA122969,B,220612_NS500817_1130_AHHMGCBGXM,200064236-227-S7,7,Ovarian,AZ,AVD-54VRP-0073,50,100,9,100%,25,.,.,.,,.,.,.
9,12750995,DNA122970,B,220612_NS500817_1130_AHHMGCBGXM,200064237-230-S8,8,Ovarian,AZ,AVD-54VRP-0030,50,100,6.2,100%,62,BRCA2,p.Leu3055Phefs*7,55.5,Yes,BRCA2,p.Leu3055Phefs*7,.
9,12751023,DNA122973,B,220612_NS500817_1130_AHHMGCBGXM,200064238-240-S9,9,Ovarian,AZ,AVD-54VRP-0119,90,100,8.7,100%,28,.,.,.,,.,.,.
9,12751036,DNA122974,B,220612_NS500817_1130_AHHMGCBGXM,200064216-232-S10,10,Ovarian,AZ,AVD-54VRP-0057,60,100,7.5,100%,63,.,.,.,,.,.,.
9,12751061,DNA122976,B,220612_NS500817_1130_AHHMGCBGXM,200064217-241-S11,11,Ovarian,AZ,AVD-54VRP-0246,40,100,6.6,100%,15,.,.,.,,.,.,.
9,12751251,DNA122993,B,220612_NS500817_1130_AHHMGCBGXM,200064218-237-S12,12,Ovarian,AZ,AVD-54VRP-0450,40,100,6.5,100%,28,.,.,.,,.,.,.
9,12751270,DNA122994,B,220612_NS500817_1130_AHHMGCBGXM,200064219-242-S13,13,Ovarian,AZ,AVD-54VRP-0504,30,100,9.4,100%,20,.,.,.,,.,.,.
9,12751283,DNA122995,B,220612_NS500817_1130_AHHMGCBGXM,200064220-243-S14,14,Ovarian,AZ,AVD-54VRP-0384,60,100,9.4,100%,48,.,.,.,,.,.,.
9,12751287,DNA122996,B,220612_NS500817_1130_AHHMGCBGXM,200064221-239-S15,15,Ovarian,AZ,AVD-54VRP-0518,70,100,7.5,100%,33,.,.,.,,.,.,.
9,12751308,DNA122997,B,220612_NS500817_1130_AHHMGCBGXM,200064222-226-S16,16,Ovarian,AZ,AVD-54VRP-0371,60,100,4.9,100%,35,.,.,.,,.,.,.
9,12751314,DNA122998,B,220612_NS500817_1130_AHHMGCBGXM,200064223-229-S17,17,Ovarian,AZ,AVD-54VRP-0521,40,100,8.2,100%,39,.,.,.,,.,.,.
9,12751356,DNA123003,B,220612_NS500817_1130_AHHMGCBGXM,200064224-234-S18,18,Ovarian,AZ,AVD-54VRP-0563,30,100,7.8,100%,52,.,.,.,,.,.,.
9,12751373,DNA123006,B,220612_NS500817_1130_AHHMGCBGXM,200064225-236-S19,19,Ovarian,AZ,AVD-54VRP-0561,70,100,10.4,100%,20,.,.,.,,.,.,.
9,12751412,DNA123009,B,220612_NS500817_1130_AHHMGCBGXM,200064227-233-S20,20,Ovarian,AZ,AVD-54VRP-0557,60,100,6.6,100%,27,.,.,.,,.,.,.
9,12751546,DNA123013,B,220612_NS500817_1130_AHHMGCBGXM,200064228-228-S21,21,Ovarian,AZ,AVD-54VRP-2367,70,100,5.9,100%,57,BRCA1,p.Asp825Glufs*21,76.4,Yes,BRCA1,p.Asp825Glufs*21,.
9,12751581,DNA123016,B,220612_NS500817_1130_AHHMGCBGXM,200064229-238-S22,22,Ovarian,AZ,AVD-54VRP-0553,60,100,6.8,100%,35,.,.,.,,.,.,.
9,12751614,DNA123018,B,220612_NS500817_1130_AHHMGCBGXM,200064230-231-S23,23,Ovarian,AZ,AVD-54VRP-1098,70,100,8.4,100%,66,.,.,.,,.,.,.
9,12751690,DNA123021,B,220612_NS500817_1130_AHHMGCBGXM,200064231-244-S24,24,Ovarian,AZ,AVD-54VRP-2342,50,100,7.5,100%,62,BRCA2,p.Cys3233Trpfs*15,81.8,Yes,BRCA2,p.Cys3233Trpfs*15,.
10,12751896,DNA123042,B,220619_NB501544_0571_AHVFL2AFX3,200064689-257-S1,1,Ovarian,AZ,AVD-54VRP-1179,70,100,8.3,100%,57,.,.,.,,.,.,.
10,12751927,DNA123045,B,220619_NB501544_0571_AHVFL2AFX3,200064690-250-S2,2,Ovarian,AZ,AVD-54VRP-0651,40,100,7.1,100%,#N/A,.,.,.,,.,.,.
10,12751953,DNA123047,B,220619_NB501544_0571_AHVFL2AFX3,200064691-253-S3,3,Ovarian,AZ,AVD-54VRP-0711,30,100,7.5,100%,17,.,.,.,,.,.,.
10,13092776,DNA133850,A,220619_NB501544_0571_AHVFL2AFX3,200064694-252-S6,6,Ovarian,WEHI,MMM2174139,60,100,6.6,100%,31,.,.,.,,.,.,.
10,11765518,DNA094793,A,220619_NB501544_0571_AHVFL2AFX3,200064695-251-S7,7,Ovarian,Clinical,21-48077909-HI-0,60,100,8.5,100%,#N/A,BRCA1,p.Gln855Valfs*47,96.1,Yes,BRCA1,p.Gln855Valfs*47,95
10,11700144,DNA092399,A,220619_NB501544_0571_AHVFL2AFX3,200064696-256-S8,8,Ovarian,Clinical,404917719,90,100,7.5,100%,#N/A,BRCA2,p.Lys1530*,92.6,Yes,BRCA2,p.Lys1530*,87
11,13557850,DNA149636,A,221128_NS500817_1213_AHHML5BGXM,200071269-269-S1,1,Ovarian,GREECE,822987,.,100,7.9,100%,49,.,.,.,,.,.,.
11,13557890,DNA149643,A,221128_NS500817_1213_AHHML5BGXM,200071280-278-S2,2,Ovarian,GREECE,822988,.,100,6.1,100%,82,BRCA1,p.Asn877Metfs*16,17.3,,BRCA1 ,p.Asn877Metfs*16,.
11,13557919,DNA149645,A,221128_NS500817_1213_AHHML5BGXM,200071286-258-S3,3,Ovarian,GREECE,822990,.,100,7.9,100%,82,BRCA1,p.Asn877Metfs*16,9.1,,BRCA1 ,p.Asn877Metfs*16,.
11,13557943,DNA149649,A,221128_NS500817_1213_AHHML5BGXM,200071287-267-S4,4,Ovarian,GREECE,822991,.,100,5.6,99%,7,.,.,.,,.,.,.
11,13557971,DNA149651,A,221128_NS500817_1213_AHHML5BGXM,200071288-272-S5,5,Ovarian,GREECE,822992,.,100,8.9,100%,1,.,.,.,,.,.,.
11,13558137,DNA149666,A,221128_NS500817_1213_AHHML5BGXM,200071289-273-S6,6,Ovarian,GREECE,822998,.,100,6.2,100%,9,.,.,.,,.,.,.
11,13558155,DNA149668,A,221128_NS500817_1213_AHHML5BGXM,200071290-279-S7,7,Ovarian,GREECE,823000,.,100,3.5,99%,62,.,.,.,,.,.,.
11,13558168,DNA149669,A,221128_NS500817_1213_AHHML5BGXM,200071291-268-S8,8,Ovarian,GREECE,823002,.,100,5,100%,71,.,.,.,,.,.,.
11,13558180,DNA149672,A,221128_NS500817_1213_AHHML5BGXM,200071292-281-S9,9,Ovarian,GREECE,823003,.,100,7.6,100%,37,BRCA2,p.Ile605Asnfs*11,35.8,,BRCA2 ,p.Ile605Asnfs*11,.
11,13558309,DNA149688,A,221128_NS500817_1213_AHHML5BGXM,200071270-261-S10,10,Ovarian,GREECE,825429,.,100,9.6,100%,31,.,.,.,,.,.,.
11,13558328,DNA149693,A,221128_NS500817_1213_AHHML5BGXM,200071271-265-S11,11,Ovarian,GREECE,825431,.,100,4.4,99%,#N/A,.,.,.,,.,.,.
11,13558348,DNA149694,A,221128_NS500817_1213_AHHML5BGXM,200071272-262-S12,12,Ovarian,GREECE,825432,.,100,7.9,100%,25,.,.,.,,.,.,.
11,13558358,DNA149697,A,221128_NS500817_1213_AHHML5BGXM,200071273-264-S13,13,Ovarian,GREECE,825438,.,100,7,100%,74,BRCA1,p.Tyr1853Argfs*?,82.8,Yes,BRCA1 ,p.Tyr1853fs,.
11,13558373,DNA149699,A,221128_NS500817_1213_AHHML5BGXM,200071274-275-S14,14,Ovarian,GREECE,825450,.,100,3.6,24%,65,BRCA1,p.Ser1431Leufs*22,80.5,Yes,BRCA1 ,p.Ser1431Leufs*22,.
11,13558395,DNA149701,A,221128_NS500817_1213_AHHML5BGXM,200071275-276-S15,15,Ovarian,GREECE,825453,.,100,2.4,90%,72,.,.,.,,.,.,.
11,13558671,DNA149721,A,221128_NS500817_1213_AHHML5BGXM,200071276-280-S16,16,Ovarian,GREECE,825456,.,100,5,100%,54,.,.,.,,.,.,.
11,13558683,DNA149722,A,221128_NS500817_1213_AHHML5BGXM,200071277-277-S17,17,Ovarian,GREECE,825458,.,100,4,99%,60,.,.,.,,.,.,.
11,13558703,DNA149723,A,221128_NS500817_1213_AHHML5BGXM,200071278-260-S18,18,Ovarian,GREECE,825461,.,100,3.5,100%,19,.,.,.,,.,.,.
11,13558709,DNA149724,A,221128_NS500817_1213_AHHML5BGXM,200071279-259-S19,19,Ovarian,GREECE,826351,.,100,7.1,100%,54,.,.,.,,.,.,.
11,13558720,DNA149725,A,221128_NS500817_1213_AHHML5BGXM,200071281-270-S20,20,Ovarian,GREECE,826353,.,100,6,100%,34,.,.,.,,.,.,.
11,13558731,DNA149726,A,221128_NS500817_1213_AHHML5BGXM,200071282-271-S21,21,Ovarian,GREECE,826355,.,100,7.1,100%,19,.,.,.,,.,.,.
11,13558741,DNA149728,A,221128_NS500817_1213_AHHML5BGXM,200071283-274-S22,22,Ovarian,GREECE,826356,.,100,6.5,100%,41,.,.,.,,.,.,.
11,13558755,DNA149731,A,221128_NS500817_1213_AHHML5BGXM,200071284-263-S23,23,Ovarian,GREECE,826358,.,100,7.1,100%,86,BRCA1,exon 20,Deleted,Yes,BRCA1 ,del exon 20,.
11,13558768,DNA149733,A,221128_NS500817_1213_AHHML5BGXM,200071285-266-S24,24,Ovarian,GREECE,826359,.,100,7.5,100%,37,.,.,.,,.,.,.
12,13558787,DNA149736,A,221205_NS500817_1215_AHHK5YBGXM,200071422-289-S1,1,Ovarian,GREECE,826361,.,100,7.9,100%,66,BRCA1,p.Ser1342Thrfs*22,18.7,,BRCA1 ,p.Ser1342Thrfs*22,.
12,13558814,DNA149738,A,221205_NS500817_1215_AHHK5YBGXM,200071433-282-S2,2,Ovarian,GREECE,826363,.,100,7,100%,1,BRCA2,p.Asn986Ilefs*5,5.4,,BRCA2 ,p.Asn986Ilefs*5,.
12,13558834,DNA149740,A,221205_NS500817_1215_AHHK5YBGXM,200071439-291-S3,3,Ovarian,GREECE,826364,.,100,6.3,100%,10,.,.,.,,.,.,.
12,13558844,DNA149741,A,221205_NS500817_1215_AHHK5YBGXM,200071440-292-S4,4,Ovarian,GREECE,826368,.,100,7.2,100%,#N/A,BRCA1,p.Leu1472Cysfs*2,49.2,,BRCA1 ,p.Leu1472Cysfs*2,.
12,13558874,DNA149742,A,221205_NS500817_1215_AHHK5YBGXM,200071441-300-S5,5,Ovarian,GREECE,826370,.,100,5.1,100%,#N/A,.,.,.,,.,.,.
12,13558890,DNA149743,A,221205_NS500817_1215_AHHK5YBGXM,200071442-302-S6,6,Ovarian,GREECE,826372,.,100,7.9,100%,27,.,.,.,,.,.,.
12,13558902,DNA149744,A,221205_NS500817_1215_AHHK5YBGXM,200071443-283-S7,7,Ovarian,GREECE,826373,.,100,4.2,100%,#N/A,BRCA1,exon 20,Deleted,Yes,BRCA1 ,del exon 20,.
12,13558913,DNA149745,A,221205_NS500817_1215_AHHK5YBGXM,200071444-284-S8,8,Ovarian,BRAZIL,AEA,80,100,5.4,100%,72,.,.,.,,.,.,.
12,13558934,DNA149746,A,221205_NS500817_1215_AHHK5YBGXM,200071445-285-S9,9,Ovarian,BRAZIL,AGCA,70,100,5.4,100%,28,.,.,.,,.,.,.
12,13558942,DNA149747,A,221205_NS500817_1215_AHHK5YBGXM,200071423-287-S10,10,Ovarian,BRAZIL,CVR,98,100,8.3,100%,21,.,.,.,,.,.,.
12,13558947,DNA149749,A,221205_NS500817_1215_AHHK5YBGXM,200071424-286-S11,11,Ovarian,BRAZIL,DDM,.,100,4.6,100%,25,.,.,.,,.,.,.
12,13558960,DNA149750,A,221205_NS500817_1215_AHHK5YBGXM,200071425-293-S12,12,Ovarian,BRAZIL,DMS,60,100,6.6,100%,48,BRCA2,p.Ala938Profs*21,65.3,Yes,BRCA2,p.Ala938Profs*21,.
12,13558973,DNA149751,A,221205_NS500817_1215_AHHK5YBGXM,200071426-298-S13,13,Ovarian,BRAZIL,EFS,70,100,7.6,100%,82,BRCA2,p.Lys2791Asnfs*30,51.8,Yes,BRCA2,p.Lys2791Asnfs*30,.
12,13558982,DNA149752,A,221205_NS500817_1215_AHHK5YBGXM,200071427-294-S14,14,Ovarian,BRAZIL,ETB,90,100,5.7,100%,41,.,.,.,,.,.,.
12,13558992,DNA149753,A,221205_NS500817_1215_AHHK5YBGXM,200071428-297-S15,15,Ovarian,BRAZIL,FRP,50,100,7,100%,23,.,.,.,,.,.,.
12,13558999,DNA149754,A,221205_NS500817_1215_AHHK5YBGXM,200071429-290-S16,16,Ovarian,BRAZIL,GRRMF,80,100,4.9,98%,36,.,.,.,,.,.,.
12,13559008,DNA149755,A,221205_NS500817_1215_AHHK5YBGXM,200071430-288-S17,17,Ovarian,BRAZIL,JOB,80,100,5.7,100%,49,.,.,.,,.,.,.
12,13559028,DNA149756,A,221205_NS500817_1215_AHHK5YBGXM,200071431-299-S18,18,Ovarian,BRAZIL,LBAC,95,100,5,97%,48,BRCA2,p.Glu1734*,68.8,Yes,BRCA2,p.Glu1734*,.
12,13559037,DNA149757,A,221205_NS500817_1215_AHHK5YBGXM,200071432-295-S19,19,Ovarian,BRAZIL,MASC,95,100,4.3,100%,10,.,.,.,,.,.,.
12,13559048,DNA149759,A,221205_NS500817_1215_AHHK5YBGXM,200071434-296-S20,20,Ovarian,BRAZIL,MAT,95,100,6.4,100%,38,.,.,.,,.,.,.
12,13559055,DNA149761,A,221205_NS500817_1215_AHHK5YBGXM,200071435-301-S21,21,Ovarian,BRAZIL,MCD,60,100,5.7,100%,36,.,.,.,,.,.,.
12,13559060,DNA149763,A,221205_NS500817_1215_AHHK5YBGXM,200071436-305-S22,22,Ovarian,BRAZIL,MLANEG,100,100,6.2,100%,31,.,.,.,,.,.,.
12,13561331,DNA149812,A,221205_NS500817_1215_AHHK5YBGXM,200071437-304-S23,23,Ovarian,BRAZIL,MRL,60,100,6.1,100%,#N/A,BRCA1,p.Leu1558Val,64.7,Yes,BRCA1,p.Leu1558Val (VUS),.
12,13561350,DNA149813,A,221205_NS500817_1215_AHHK5YBGXM,200071438-303-S24,24,Ovarian,BRAZIL,MSFN,80,100,6.4,100%,31,.,.,.,,.,.,.
13,13561357,DNA149814,A,230109_NB501544_0647_AHNTFMBGXN,200072939-326-S1,1,Ovarian,BRAZIL,NCZS,80,100,4.6,100%,60,.,.,.,,.,.,.
13,13561368,DNA149815,A,230109_NB501544_0647_AHNTFMBGXN,200072950-328-S2,2,Ovarian,BRAZIL,RBN,60,100,6.5,100%,53,.,.,.,,.,.,.
13,13561376,DNA149816,A,230109_NB501544_0647_AHNTFMBGXN,200072955-322-S3,3,Ovarian,BRAZIL,RTL,.,100,4.7,100%,73,BRCA1,p.Gln1756Profs*74,87,Yes,BRCA1,p.Gln1756Profs*74,.
13,13561394,DNA149817,A,230109_NB501544_0647_AHNTFMBGXN,200072956-319-S4,4,Ovarian,BRAZIL,SMB,70,100,7,100%,81,.,.,.,,.,.,.
13,13561405,DNA149819,A,230109_NB501544_0647_AHNTFMBGXN,200072957-316-S5,5,Ovarian,BRAZIL,VCN,90,100,5.9,100%,64,.,.,.,,.,.,.
13,13396719,DNA144499,A,230109_NB501544_0647_AHNTFMBGXN,200072958-313-S6,6,Ovarian,WEHI,PM9261744,30,100,4.3,81%,66,.,.,.,,.,.,.
13,13396814,DNA144497,A,230109_NB501544_0647_AHNTFMBGXN,200072959-317-S7,7,Ovarian,WEHI,PM9088952,80,100,6.1,94%,14,.,.,.,,.,.,.
13,13396793,DNA145382,A,230109_NB501544_0647_AHNTFMBGXN,200072960-320-S8,8,Ovarian,WEHI,PM8180414,30,100,7.2,100%,69,RAD51D,c.144+1G>A,62.6,Yes,RAD51D,c.144+1G>A ,.
13,13396833,DNA145480,A,230109_NB501544_0647_AHNTFMBGXN,200072961-314-S9,9,Ovarian,WEHI,W8203537,60,100,6.6,100%,29,.,.,.,,.,.,.
13,13396787,DNA145484,A,230109_NB501544_0647_AHNTFMBGXN,200072940-315-S10,10,Ovarian,WEHI,PM8190115,80,100,6.3,98%,90,.,.,.,,.,.,.
13,13396675,DNA145488,A,230109_NB501544_0647_AHNTFMBGXN,200072941-323-S11,11,Ovarian,WEHI,PM9144183,30,100,6.8,100%,16,.,.,.,,.,.,.
13,13396604,DNA145495,A,230109_NB501544_0647_AHNTFMBGXN,200072942-318-S12,12,Ovarian,WEHI,PM3034373,60,100,5.9,100%,75,.,.,.,,.,.,.
13,13540444,DNA150133,A,230109_NB501544_0647_AHNTFMBGXN,200072943-325-S13,13,Ovarian,WEHI,PM9259692,60,100,6.9,100%,65,BRCA1,p.Asp825Glufs*3,71.2,Yes,BRCA1,p.Asp825Glufs*3,.
13,13540401,DNA150140,A,230109_NB501544_0647_AHNTFMBGXN,200072944-324-S14,14,Ovarian,WEHI,PM8236058,50,100,6.9,100%,55,BRCA2,p.Trp1692Metfs*3,89.8,Yes,BRCA2,p.Trp1692Metfs*3,.
13,13540476,DNA150939,A,230109_NB501544_0647_AHNTFMBGXN,200072945-327-S15,15,Ovarian,WEHI,PM8231814,70,100,7.2,100%,57,.,.,.,,.,.,.
15,13612336,DNA153730,A,230503_NB501544_0702_AHHGJYAFX5,200080981-345-S14,14,Ovarian,WEHI,MMM5058799 ,30,100,8.3,100%,68,.,.,.,,.,.,.
15,13612311,DNA154877,A,230503_NB501544_0702_AHHGJYAFX5,200080982-347-S15,15,Ovarian,WEHI,MMM5653832,20,100,8.4,100%,29,.,.,.,,.,.,.
15,13612256,DNA153725,A,230503_NB501544_0702_AHHGJYAFX5,200080983-348-S16,16,Ovarian,WEHI,MMM5049205 ,10,100,7.1,100%,22,.,.,.,,.,.,.
15,13612138,DNA153728,A,230503_NB501544_0702_AHHGJYAFX5,200080984-346-S17,17,Ovarian,WEHI,MMM5050929 ,30,100,2.9,95%,32,BRCA2,p.Asn1784Hisfs*2,47,Yes,BRCA2,p.Asn1784Hisfs*2,.