Run,SampleID,Source,DaysOld,Purity,DDMSampleID,MIDS,TotalReads(M),lpWGSReads(M),TargetPanelReads(M),%ReadslpWGS,%ReadsPanel,1000x,500x,200x,100x,50x,25x,DupFrac,LowCovRegions,PurityPloidyRatio,ResNoise,SignalNoiseRatio,QAStatus,Gene,Variant,%VariantFraction,SOPHiAGIIndex,SophiaGIStatus
Run1,1410-1517,TAS,8,90.0,200085906-407-S10,S10,22.1,14.2,7.900000000000002,0.64,0.36,0.91,0.99,1.0,1.0,1.0,1.0,0.65,0,,0.08,4.08,Medium,,,,8.8,Positive
Run1,1413-3340,QLD,243,25.0,200085907-387-S11,S11,21.8,18.7,3.1000000000000014,0.86,0.14,0.16,0.9,1.0,1.0,1.0,1.0,0.53,5,,0.08,1.34,Medium,,,,9.2,Positive
Run1,1410-3300,TAS,-129,90.0,200085909-404-S13,S13,22.5,16.5,6.0,0.73,0.27,0.93,1.0,1.0,1.0,1.0,1.0,0.52,0,0.28,0.07,4.64,High,,,,0.8,Positive
Run1,1413-4688,VIC,-16,70.0,200085910-394-S14,S14,21.0,16.9,4.100000000000001,0.8,0.19999999999999996,0.12,0.9,1.0,1.0,1.0,1.0,0.73,0,0.2,0.08,4.67,High,,,,10.2,Positive
Run1,1407-7410,VIC,0,80.0,200085911-388-S15,S15,17.0,13.1,3.9000000000000004,0.77,0.22999999999999998,0.53,0.92,1.0,1.0,1.0,1.0,0.6,1,0.45,0.1,3.64,High,,,,4.7,Positive
Run1,1410-5640,NSW,14,50.0,200085912-396-S16,S16,22.3,16.5,5.800000000000001,0.74,0.26,0.96,0.99,1.0,1.0,1.0,1.0,0.51,0,0.18,0.06,3.27,High,BRCA1,p.(Gln1111Asnfs*5),59.0,13.4,Positive
Run1,1413-7339,QLD,8,70.0,200085913-392-S17,S17,21.9,17.4,4.5,0.79,0.20999999999999996,0.78,0.99,1.0,1.0,1.0,1.0,0.52,0,0.4,0.07,5.13,High,BRCA1,p.(Gln855Leufs*39),80.0,4.0,Positive
Run1,1407-7973,VIC,0,60.0,200085914-403-S18,S18,20.6,15.5,5.100000000000001,0.75,0.25,0.94,0.99,1.0,1.0,1.0,1.0,0.49,0,0.1,0.06,1.18,High,BRCA2,p.(Pro1088Leufs*16),62.0,-2.5,Negative
Run1,1411-3334,TAS,31,15.0,200085915-389-S19,S19,17.4,10.9,6.499999999999998,0.63,0.37,0.91,0.99,1.0,1.0,1.0,1.0,0.68,0,,0.09,0.36,Medium,,,,,Inconclusive
Run1,1409-5564,TAS,47,25.0,200085916-399-S2,S2,21.0,13.8,7.199999999999999,0.66,0.33999999999999997,0.69,0.98,1.0,1.0,1.0,1.0,0.81,0,0.18,0.07,0.78,High,,,,-13.1,Negative
Run1,1411-6796,NSW,20,55.0,200085919-398-S22,S22,22.6,18.1,4.5,0.8,0.19999999999999996,0.64,0.99,1.0,1.0,1.0,1.0,0.6,0,0.25,0.06,2.68,High,,,,11.0,Positive
Run1,1418-1823,VIC,63,50.0,200085920-405-S23,S23,19.9,16.9,3.0,0.85,0.15000000000000002,0.02,0.74,0.99,1.0,1.0,1.0,0.65,6,0.23,0.07,2.21,High,,,,-5.5,Negative
Run1,1411-8619,VIC,-25,70.0,200085921-402-S3,S3,22.0,18.6,3.3999999999999986,0.84,0.16000000000000003,0.65,0.97,1.0,1.0,1.0,1.0,0.4,1,0.38,0.07,2.81,High,,,,-10.1,Negative
Run1,1407-6535,NSW,0,70.0,200085922-401-S4,S4,22.1,17.1,5.0,0.77,0.22999999999999998,0.82,0.97,1.0,1.0,1.0,1.0,0.53,0,0.25,0.07,4.05,High,,,,-6.0,Negative
Run2,1417-9764,QLD,0,20.0,200086429-427-S10,S10,19.7,14.5,5.199999999999999,0.74,0.26,0.93,1.0,1.0,1.0,1.0,1.0,0.56,0,0.18,0.07,3.29,High,,,,-4.1,Negative
Run2,1415-9858,VIC,8,50.0,200086430-416-S11,S11,22.6,16.9,5.700000000000003,0.75,0.25,0.87,1.0,1.0,1.0,1.0,1.0,0.6,0,0.28,0.09,3.59,High,,,,-9.6,Negative
Run2,1414-9489,SA,42,30.0,200086431-422-S12,S12,23.5,19.1,4.399999999999999,0.81,0.18999999999999995,0.88,1.0,1.0,1.0,1.0,1.0,0.51,0,,0.13,3.14,Medium,,,,-2.9,Negative
Run2,1415-0071,VIC,1,70.0,200086432-429-S13,S13,20.8,16.2,4.600000000000001,0.78,0.21999999999999997,0.49,0.95,1.0,1.0,1.0,1.0,0.69,0,0.23,0.11,2.35,High,,,,-5.6,Negative
Run2,1416-0873,QLD,1,30.0,200086433-415-S14,S14,21.6,15.6,6.000000000000002,0.72,0.28,0.89,1.0,1.0,1.0,1.0,1.0,0.63,0,,0.1,2.76,Medium,,,,-8.6,Negative
Run2,1415-7282,SA,-47,60.0,200086435-412-S16,S16,23.6,17.6,6.0,0.75,0.25,0.9,1.0,1.0,1.0,1.0,1.0,0.57,0,0.3,0.09,3.45,High,,,,6.9,Positive
Run2,1414-3904,NSW,51,30.0,200086436-432-S17,S17,16.3,13.6,2.700000000000001,0.83,0.17000000000000004,0.0,0.07,0.56,0.98,1.0,1.0,0.85,125,,0.16,1.29,Medium,,,,-7.3,Negative
Run2,1415-7825,QLD,122,30.0,200086437-423-S18,S18,23.2,17.4,5.800000000000001,0.75,0.25,0.98,1.0,1.0,1.0,1.0,1.0,0.55,0,,0.06,2.23,Medium,,,,-6.7,Negative
Run2,1414-3922,NSW,-167,70.0,200086438-413-S19,S19,19.4,13.7,5.699999999999999,0.71,0.29000000000000004,0.86,0.99,1.0,1.0,1.0,1.0,0.61,0,0.35,0.08,3.07,High,BRCA1,p.(Val923Leufs*77),75.0,14.2,Positive
Run2,1416-0173,QLD,-45,25.0,200086439-421-S2,S2,15.8,13.8,2.0,0.87,0.13,0.02,0.52,0.99,1.0,1.0,1.0,0.56,8,,0.1,1.45,Medium,,,,-10.9,Negative
Run2,1416-3035,VIC,7,30.0,200086440-419-S20,S20,20.5,16.6,3.8999999999999986,0.81,0.18999999999999995,0.5,0.96,1.0,1.0,1.0,1.0,0.58,1,0.15,0.08,3.48,High,,,,-3.1,Negative
Run2,1416-8447,NSW,1,40.0,200086441-417-S21,S21,21.6,16.5,5.100000000000001,0.76,0.24,0.95,1.0,1.0,1.0,1.0,1.0,0.51,0,,0.09,2.81,Medium,,,,9.7,Positive
Run2,1416-0090,QLD,16,25.0,200086442-425-S22,S22,17.4,13.1,4.299999999999999,0.75,0.25,0.92,1.0,1.0,1.0,1.0,1.0,0.5,0,0.08,0.07,2.12,Medium,,,,-4.8,Negative
Run2,1415-6680,NSW,321,70.0,200086443-410-S23,S23,16.7,14.1,2.5999999999999996,0.84,0.16000000000000003,0.0,0.03,0.79,0.99,1.0,1.0,0.82,56,0.33,0.13,1.78,High,,,,-1.4,Negative
Run2,1415-4079,NSW,0,20.0,200086445-428-S3,S3,22.7,17.9,4.800000000000001,0.79,0.20999999999999996,0.54,0.98,1.0,1.0,1.0,1.0,0.68,0,,0.16,1.18,Medium,,,,-13.9,Negative
Run3,1417-9625,NSW,7,80.0,200086944-450-S10,S10,25.1,18.7,6.400000000000002,0.74,0.26,0.86,1.0,1.0,1.0,1.0,1.0,0.54,0,0.3,0.09,3.4,High,,,,-7.2,Negative
Run3,1415-3976,ACT,176,60.0,200086945-447-S11,S11,20.8,14.6,6.200000000000001,0.7,0.30000000000000004,0.95,1.0,1.0,1.0,1.0,1.0,0.64,0,0.15,0.07,3.72,High,,,,-9.2,Negative
Run3,1417-9722,NSW,30,80.0,200086946-456-S12,S12,16.3,12.0,4.300000000000001,0.74,0.26,0.56,0.98,1.0,1.0,1.0,1.0,0.6,0,0.12,0.07,5.84,High,,,,-8.9,Negative
Run3,1415-9836,NSW,-96,20.0,200086947-443-S13,S13,18.5,15.2,3.3000000000000007,0.82,0.18000000000000005,0.26,0.91,1.0,1.0,1.0,1.0,0.56,3,,0.1,0.78,Medium,,,,-9.6,Negative
Run3,1416-3368,NSW,1,85.0,200086948-441-S14,S14,18.5,14.4,4.1,0.77,0.22999999999999998,0.48,0.97,1.0,1.0,1.0,1.0,0.65,0,0.48,0.08,4.45,High,,,,16.1,Positive
Run3,1417-9743,NSW,-45,25.0,200086949-455-S15,S15,15.2,12.1,3.0999999999999996,0.79,0.20999999999999996,0.02,0.85,1.0,1.0,1.0,1.0,0.62,4,,0.07,1.05,Medium,,,,-10.2,Negative
Run3,1417-0131,NSW,0,10.0,200086950-446-S16,S16,24.3,18.9,5.400000000000002,0.78,0.21999999999999997,0.89,0.99,1.0,1.0,1.0,1.0,0.57,1,,0.1,2.36,Medium,,,,-0.0,Negative
Run3,1418-8017,QLD,-159,90.0,200086951-437-S17,S17,21.6,16.3,5.300000000000001,0.75,0.25,0.75,0.94,1.0,1.0,1.0,1.0,0.62,0,0.3,0.08,7.09,High,,,,10.3,Positive
Run3,1417-9682,NSW,32,55.0,200086952-434-S18,S18,20.5,14.1,6.4,0.69,0.31000000000000005,0.92,1.0,1.0,1.0,1.0,1.0,0.59,0,,0.07,3.76,Medium,,,,-12.6,Negative
Run3,1417-1986,NSW,77,65.0,200086953-451-S19,S19,16.9,12.8,4.099999999999998,0.76,0.24,0.21,0.88,1.0,1.0,1.0,1.0,0.72,0,0.38,0.08,3.69,High,,,,1.9,Positive
Run3,1415-9878,NSW,48,20.0,200086954-442-S2,S2,16.7,13.7,3.0,0.82,0.18000000000000005,0.07,0.75,0.99,1.0,1.0,1.0,0.64,3,,0.08,0.76,Medium,,,,-9.2,Negative
Run3,1417-5712,QLD,-106,35.0,200086955-452-S20,S20,24.0,17.5,6.5,0.73,0.27,0.95,1.0,1.0,1.0,1.0,1.0,0.63,0,0.12,0.07,2.45,High,BRCA2,p.(Leu1829Phe),40.0,-6.5,Negative
Run3,1419-7888,VIC,-19,65.0,200086956-448-S21,S21,16.2,10.5,5.699999999999999,0.65,0.35,0.36,0.96,1.0,1.0,1.0,1.0,0.78,0,,0.1,2.48,Medium,,,,-9.7,Negative
Run3,1417-2390,VIC,29,70.0,200086957-454-S22,S22,24.7,19.0,5.699999999999999,0.77,0.22999999999999998,0.94,1.0,1.0,1.0,1.0,1.0,0.52,0,0.23,0.11,2.29,High,,,,-8.5,Negative
Run3,1417-8835,QLD,-45,75.0,200086958-453-S23,S23,23.5,16.6,6.899999999999999,0.71,0.29000000000000004,0.96,1.0,1.0,1.0,1.0,1.0,0.64,0,0.12,0.07,4.59,High,,,,-10.7,Negative
Run3,1419-8210,ACT,-7,10.0,200086959-457-S24,S24,21.1,14.7,6.400000000000002,0.69,0.31000000000000005,0.98,1.0,1.0,1.0,1.0,1.0,0.58,0,,0.06,0.77,Medium,,,,4.6,Positive
Run3,1418-8743,QLD,-105,70.0,200086960-438-S3,S3,21.3,15.5,5.800000000000001,0.73,0.27,0.96,1.0,1.0,1.0,1.0,1.0,0.58,0,0.1,0.06,3.24,High,,,,-7.3,Negative
Run4,1417-5864,VIC,225,50.0,200086968-472-S10,S10,23.8,20.0,3.8000000000000007,0.84,0.16000000000000003,0.3,0.8,0.99,1.0,1.0,1.0,0.68,3,,0.1,4.04,Medium,BRCA1,p.(?),76.0,7.0,Positive
Run4,1419-2387,VIC,-77,20.0,200086969-479-S11,S11,22.6,16.0,6.600000000000001,0.71,0.29000000000000004,0.97,1.0,1.0,1.0,1.0,1.0,0.55,0,,0.06,0.64,Medium,,,,-7.7,Negative
Run4,1419-7884,NSW,156,70.0,200086970-470-S12,S12,22.5,16.4,6.100000000000001,0.73,0.27,0.96,1.0,1.0,1.0,1.0,1.0,0.52,0,0.45,0.07,3.93,High,,,,-5.3,Negative
Run4,1418-2363,NSW,3,85.0,200086971-469-S13,S13,14.6,12.1,2.5,0.83,0.17000000000000004,0.02,0.02,0.26,0.82,0.98,1.0,0.89,484,0.18,0.12,3.24,High,,,,-7.6,Negative
Run4,1419-4166,VIC,31,50.0,200086972-480-S14,S14,23.9,16.3,7.599999999999998,0.68,0.31999999999999995,0.99,1.0,1.0,1.0,1.0,1.0,0.54,0,0.18,0.07,3.36,High,,,,-9.9,Negative
Run4,1419-7985,NSW,101,30.0,200086973-474-S15,S15,23.2,15.9,7.299999999999999,0.68,0.31999999999999995,0.99,1.0,1.0,1.0,1.0,1.0,0.51,0,,0.06,1.88,Medium,,,,-12.9,Negative
Run4,1418-8107,NSW,-107,30.0,200086974-459-S16,S16,23.7,19.7,4.0,0.83,0.17000000000000004,0.33,0.74,0.97,1.0,1.0,1.0,0.7,8,0.12,0.07,2.06,High,,,,-1.6,Negative
Run4,1419-5806,QLD,228,70.0,200086975-460-S17,S17,21.6,15.1,6.500000000000002,0.7,0.30000000000000004,0.96,1.0,1.0,1.0,1.0,1.0,0.54,0,0.2,0.07,3.84,High,,,,-18.3,Negative
Run4,1419-8687,VIC,214,30.0,200086976-471-S18,S18,23.8,16.2,7.600000000000001,0.68,0.31999999999999995,1.0,1.0,1.0,1.0,1.0,1.0,0.49,0,0.15,0.06,3.94,High,,,,-14.6,Negative
Run4,1418-9138,NSW,-151,60.0,200086977-468-S19,S19,21.2,16.0,5.199999999999999,0.75,0.25,0.57,0.96,1.0,1.0,1.0,1.0,0.74,0,0.38,0.07,4.26,High,,,,-11.9,Negative
Run4,1419-1352,NSW,24,20.0,200086978-481-S2,S2,18.5,14.9,3.5999999999999996,0.81,0.18999999999999995,0.25,0.93,1.0,1.0,1.0,1.0,0.59,3,,0.08,0.71,Medium,,,,-8.4,Negative
Run4,1419-7380,NSW,1,80.0,200086979-464-S20,S20,17.7,12.1,5.6,0.68,0.31999999999999995,0.93,1.0,1.0,1.0,1.0,1.0,0.53,0,0.25,0.07,4.08,High,,,,-4.9,Negative
Run4,1420-0679,VIC,173,40.0,200086980-461-S21,S21,19.3,14.3,5.0,0.74,0.26,0.79,0.99,1.0,1.0,1.0,1.0,0.53,0,0.3,0.09,2.45,High,BRCA2,p.(Tyr3006*),41.0,4.1,Positive
Run4,1419-0971,QLD,419,70.0,200086981-476-S22,S22,17.9,13.4,4.499999999999998,0.75,0.25,0.35,0.82,1.0,1.0,1.0,1.0,0.77,1,,0.1,2.88,Medium,,,,3.5,Positive
Run4,1419-7430,NSW,486,30.0,200086982-478-S23,S23,20.1,12.9,7.200000000000001,0.64,0.36,0.93,1.0,1.0,1.0,1.0,1.0,0.59,0,0.23,0.1,2.27,High,,,,-12.8,Negative
Run4,1420-0691,NSW,-23,30.0,200086983-475-S24,S24,20.5,14.3,6.199999999999999,0.7,0.30000000000000004,0.95,1.0,1.0,1.0,1.0,1.0,0.54,0,,0.07,1.32,Medium,,,,-15.2,Negative
Run4,1419-7483,NSW,199,30.0,200086984-477-S3,S3,23.6,16.3,7.300000000000001,0.69,0.31000000000000005,0.98,1.0,1.0,1.0,1.0,1.0,0.55,0,0.15,0.06,2.5,High,,,,2.4,Positive
Run5,1420-1529,VIC,137,10.0,200087244-487-S10,S10,13.6,12.5,1.0999999999999996,0.92,0.07999999999999996,0.0,0.33,0.91,0.99,1.0,1.0,0.38,34,,0.08,0.6,Medium,,,,-11.4,Negative
Run5,1420-7676,VIC,153,40.0,200087245-493-S11,S11,23.1,19.5,3.6000000000000014,0.84,0.16000000000000003,0.67,0.97,1.0,1.0,1.0,1.0,0.43,0,0.18,0.07,2.11,High,,,,-0.9,Negative
Run5,1421-0319,VIC,98,60.0,200087246-496-S12,S12,21.2,19.5,1.6999999999999993,0.92,0.07999999999999996,0.06,0.62,0.98,1.0,1.0,1.0,0.23,11,0.23,0.07,3.53,High,,,,13.5,Positive
Run5,1421-0626,NSW,200,30.0,200087247-499-S13,S13,14.0,13.0,1.0,0.93,0.06999999999999995,0.0,0.18,0.84,0.98,1.0,1.0,0.37,68,0.3,0.1,1.71,High,,,,-8.2,Negative
Run5,1421-6344,VIC,29,50.0,200087248-483-S14,S14,17.4,16.2,1.1999999999999993,0.93,0.06999999999999995,0.0,0.36,0.92,0.99,1.0,1.0,0.19,35,,0.12,1.4,Medium,,,,3.1,Positive
Run5,1420-6984,NSW,251,50.0,200087249-491-S15,S15,22.4,21.3,1.0999999999999979,0.95,0.050000000000000044,0.01,0.24,0.8,0.95,0.99,1.0,0.2,130,0.2,0.06,3.15,High,,,,-3.2,Negative
Run5,1422-0004,QLD,59,30.0,200087250-482-S16,S16,22.4,18.2,4.199999999999999,0.81,0.18999999999999995,0.95,1.0,1.0,1.0,1.0,1.0,0.38,0,,0.06,1.68,Medium,,,,9.0,Positive
Run5,1421-5741,NSW,109,50.0,200087251-502-S17,S17,19.7,18.1,1.5999999999999979,0.92,0.07999999999999996,0.02,0.68,0.98,1.0,1.0,1.0,0.21,9,0.28,0.06,3.5,High,,,,-3.8,Negative
Run5,1421-6694,ACT,169,40.0,200087252-484-S18,S18,19.9,18.0,1.8999999999999986,0.91,0.08999999999999997,0.2,0.81,0.99,1.0,1.0,1.0,0.35,5,0.2,0.06,1.94,High,,,,6.0,Positive
Run5,1420-0379,QLD,105,24.0,200087253-490-S19,S19,23.3,19.7,3.6000000000000014,0.85,0.15000000000000002,0.0,0.17,0.97,1.0,1.0,1.0,0.81,6,,0.06,1.73,Medium,,,,-1.7,Negative
Run5,1418-7282,NSW,-84,25.0,200087254-500-S2,S2,22.8,19.0,3.8000000000000007,0.83,0.17000000000000004,0.78,0.98,1.0,1.0,1.0,1.0,0.45,0,0.23,0.1,1.84,High,,,,-12.6,Negative
Run5,1421-3467,NSW,282,30.0,200087255-503-S20,S20,23.0,21.4,1.6000000000000014,0.93,0.06999999999999995,0.01,0.35,0.97,1.0,1.0,1.0,0.24,14,,0.11,2.06,Medium,,,,-5.0,Negative
Run5,1419-2208,NSW,250,70.0,200087256-485-S21,S21,17.1,16.2,0.9000000000000021,0.94,0.06000000000000005,0.01,0.13,0.43,0.71,0.9,0.98,0.43,354,0.43,0.17,2.09,High,,,,5.1,Positive
Run5,1419-5035,QLD,86,30.0,200087257-504-S22,S22,22.6,19.2,3.400000000000002,0.85,0.15000000000000002,0.69,0.98,1.0,1.0,1.0,1.0,0.4,0,0.2,0.05,2.34,High,BRCA2,p.(Ser795Leu),18.0,-9.5,Negative
Run5,1421-8729,VIC,333,80.0,200087258-497-S23,S23,22.1,20.6,1.5,0.93,0.06999999999999995,0.0,0.44,0.98,1.0,1.0,1.0,0.18,14,0.45,0.06,5.2,High,,,,6.1,Positive
Run5,1421-1031,NSW,124,20.0,200087259-486-S3,S3,21.6,20.5,1.1000000000000014,0.95,0.050000000000000044,0.0,0.05,0.84,0.99,1.0,1.0,0.21,67,,0.07,1.05,Medium,,,,-2.4,Negative
Run5,1420-7157,QLD,31,70.0,200087260-495-S4,S4,17.0,16.0,1.0,0.94,0.06000000000000005,0.0,0.0,0.13,0.5,0.85,0.98,0.79,569,0.25,0.08,4.53,High,,,,-5.8,Negative
Run6,1419-8556,NSW,163,70.0,200087885-516-S10,S10,21.7,14.9,6.799999999999999,0.69,0.31000000000000005,0.93,1.0,1.0,1.0,1.0,1.0,0.63,0,0.15,0.07,3.33,High,,,,-9.7,Negative
Run6,1421-7055,ACT,6,40.0,200087886-508-S11,S11,16.7,15.3,1.3999999999999986,0.91,0.08999999999999997,0.0,0.37,0.97,1.0,1.0,1.0,0.34,8,0.33,0.08,2.45,High,,,,3.1,Positive
Run6,1420-1988,NSW,-141,70.0,200087888-506-S13,S13,14.5,10.7,3.8000000000000007,0.74,0.26,0.21,0.9,1.0,1.0,1.0,1.0,0.66,0,0.23,0.12,3.31,High,,,,5.3,Positive
Run6,1421-7117,QLD,75,60.0,200087889-525-S14,S14,23.2,18.7,4.5,0.81,0.18999999999999995,0.92,1.0,1.0,1.0,1.0,1.0,0.45,0,0.3,0.08,3.6,High,,,,-3.8,Negative
Run6,1423-4735,SA,104,40.0,200087890-526-S15,S15,18.8,13.1,5.700000000000001,0.7,0.30000000000000004,0.9,1.0,1.0,1.0,1.0,1.0,0.67,0,0.2,0.06,2.06,High,,,,12.5,Positive
Run6,1421-0904,VIC,43,60.0,200087891-521-S16,S16,21.0,14.6,6.4,0.7,0.30000000000000004,0.44,0.99,1.0,1.0,1.0,1.0,0.78,0,0.23,0.08,4.0,High,,,,16.7,Positive
Run6,1421-8639,NSW,91,70.0,200087892-522-S17,S17,23.3,18.7,4.600000000000001,0.8,0.19999999999999996,0.81,0.99,1.0,1.0,1.0,1.0,0.42,0,0.43,0.08,3.67,High,,,,-7.6,Negative
Run6,1423-4776,SA,104,40.0,200087893-517-S18,S18,20.3,13.7,6.600000000000001,0.68,0.31999999999999995,0.93,1.0,1.0,1.0,1.0,1.0,0.64,0,0.23,0.06,3.12,High,,,,-11.1,Negative
Run6,1421-3325,NSW,605,80.0,200087894-528-S19,S19,19.5,14.0,5.5,0.71,0.29000000000000004,0.73,0.99,1.0,1.0,1.0,1.0,0.69,0,,0.11,2.32,Medium,,,,7.2,Positive
Run6,1421-4256,ACT,133,70.0,200087895-523-S2,S2,23.5,19.6,3.8999999999999986,0.84,0.16000000000000003,0.77,0.99,1.0,1.0,1.0,1.0,0.41,0,0.25,0.07,3.9,High,,,,-4.3,Negative
Run6,1421-9276,QLD,21,70.0,200087896-509-S20,S20,13.0,11.7,1.3000000000000007,0.9,0.09999999999999998,0.0,0.01,0.24,0.68,0.92,0.99,0.77,534,0.4,0.08,3.15,High,,,,9.9,Positive
Run6,1424-3024,QLD,21,75.0,200087897-505-S21,S21,22.6,15.6,7.000000000000002,0.69,0.31000000000000005,0.88,1.0,1.0,1.0,1.0,1.0,0.71,0,0.25,0.09,2.49,High,,,,-0.9,Negative
Run6,1421-3918,NSW,922,90.0,200087898-520-S22,S22,19.2,13.4,5.799999999999999,0.7,0.30000000000000004,0.28,0.78,1.0,1.0,1.0,1.0,0.79,0,0.18,0.09,2.94,High,,,,-17.3,Negative
Run6,1422-4844,NSW,95,30.0,200087899-512-S23,S23,16.4,15.2,1.1999999999999993,0.93,0.06999999999999995,0.0,0.05,0.83,0.99,1.0,1.0,0.39,76,,0.11,1.25,Medium,,,,-5.6,Negative
